-- phpMyAdmin SQL Dump
-- version 4.1.14
-- http://www.phpmyadmin.net
--
-- Client :  127.0.0.1
-- Généré le :  Jeu 01 Avril 2021 à 22:05
-- Version du serveur :  5.6.17
-- Version de PHP :  5.5.12

SET SQL_MODE = "NO_AUTO_VALUE_ON_ZERO";
SET time_zone = "+00:00";


/*!40101 SET @OLD_CHARACTER_SET_CLIENT=@@CHARACTER_SET_CLIENT */;
/*!40101 SET @OLD_CHARACTER_SET_RESULTS=@@CHARACTER_SET_RESULTS */;
/*!40101 SET @OLD_COLLATION_CONNECTION=@@COLLATION_CONNECTION */;
/*!40101 SET NAMES utf8 */;

--
-- Base de données :  `projet1`
--

-- --------------------------------------------------------

--
-- Structure de la table `entreprise`
--

CREATE TABLE IF NOT EXISTS `entreprise` (
  `id_entreprise` int(11) NOT NULL AUTO_INCREMENT,
  `NomEntreprise` text NOT NULL,
  `Adresse_1` text NOT NULL,
  `adresse_2` text NOT NULL,
  `CodePostal` int(11) NOT NULL,
  `Ville` varchar(55) NOT NULL,
  `Pays` varchar(55) NOT NULL,
  PRIMARY KEY (`id_entreprise`)
) ENGINE=InnoDB  DEFAULT CHARSET=utf8 AUTO_INCREMENT=235 ;

--
-- Contenu de la table `entreprise`
--

INSERT INTO `entreprise` (`id_entreprise`, `NomEntreprise`, `Adresse_1`, `adresse_2`, `CodePostal`, `Ville`, `Pays`) VALUES
(1, 'LA LOUISIANE ', '2 RUE PAUL DAUTIER', '', 75001, 'PARIS ', 'France'),
(2, 'ENTRA ', '10 RUE DU GENERAL LECLERC', '', 75002, 'PARIS ', 'France'),
(3, 'SGEA ', '17 RUE DES CAMPANULES', '', 75003, 'PARIS ', 'France'),
(4, 'NOKIWEB ', '18 RUE VERCRUYSSE', '', 75004, 'PARIS ', 'France'),
(5, 'EDF ', '1393 RUE DE L''INDUSTRIE', '', 75005, 'PARIS ', 'France'),
(6, 'DAE ', '3 RUE DU 19 MARS 1962', '', 75006, 'PARIS ', 'France'),
(7, 'OAAS', '54 AV DU GENERAL LECLERC', '', 75007, 'PARIS ', 'France'),
(8, 'VEOLIA', '2 RUE HELENE BOUCHER', '', 75008, 'PARIS ', 'France'),
(9, 'ADIX', '11 rue du Chant des Oiseaux ', '', 75009, 'PARIS ', 'France'),
(10, 'ORANGE', '6A Allée Henry Pucell', '', 75010, 'PARIS ', 'France'),
(11, 'FREE', '49 RUE DE L''EGALITE', '', 75011, 'PARIS ', 'France'),
(12, 'SEPUR', '2 ZONE ARTISANALE DE PASQUINA', '', 75012, 'PARIS ', 'France'),
(13, 'BREZILLON', '41 LA CANEBIERE', '', 75013, 'PARIS ', 'France'),
(14, 'DIMOTECK', '3 RUE DU 19 MARS 1962', '', 75014, 'PARIS ', 'France'),
(15, 'TECHNOLOGY & STRATEGY ENGINEERING SAS', '2 Boulevard du général de gaulle', '', 75015, 'PARIS ', 'France'),
(16, 'CIEMENTINI PROMECA', '6A Allée Henry Pucell', '', 75016, 'PARIS ', 'France'),
(17, 'DISTRILIB TECHNOLOGIES', '21-23 RUE DU PETIT ALBI', '', 75017, 'PARIS ', 'France'),
(18, 'CRAF SA', '27 AV CARNOT', '', 75018, 'PARIS ', 'France'),
(19, 'GAGNERAUD CONSTRUCTION', '78 BD SAINT-MARCEL', '', 75019, 'PARIS ', 'France'),
(20, 'DIGIBOX', '12-14 RUE LOUIS BLERIOT', '', 75020, 'PARIS ', 'France'),
(21, 'DUMEZ IDF', 'CHEMIN DES CANAUX', '', 75021, 'PARIS ', 'France'),
(22, 'VEOLIA', '2 PLACE AUX ETOILES', '', 75022, 'PARIS ', 'France'),
(23, 'SNCF', '7 BOULEVARD D''OSNY', '', 75023, 'PARIS ', 'France'),
(24, 'POWER ELECTRICITE', '6 RUE RENE CASSIN', '', 75024, 'PARIS ', 'France'),
(25, 'COFIROUTE', 'B.P 6009 ZONE INDUSTRIELLE', '', 75025, 'PARIS ', 'France'),
(26, 'OB ELECTRONIQUE', '1 MAIL JOLIOT CURIE', '', 75026, 'PARIS ', 'France'),
(27, 'LA LOUISIANE ', '2 RUE PAUL DAUTIER', '', 75001, 'PARIS ', 'France'),
(28, 'ENTRA ', '10 RUE DU GENERAL LECLERC', '', 75002, 'PARIS ', 'France'),
(29, 'SGEA ', '17 RUE DES CAMPANULES', '', 75003, 'PARIS ', 'France'),
(30, 'NOKIWEB ', '18 RUE VERCRUYSSE', '', 75004, 'PARIS ', 'France'),
(31, 'EDF ', '1393 RUE DE L''INDUSTRIE', '', 75005, 'PARIS ', 'France'),
(32, 'DAE ', '3 RUE DU 19 MARS 1962', '', 75006, 'PARIS ', 'France'),
(33, 'OAAS', '54 AV DU GENERAL LECLERC', '', 75007, 'PARIS ', 'France'),
(34, 'VEOLIA', '2 RUE HELENE BOUCHER', '', 75008, 'PARIS ', 'France'),
(35, 'ADIX', '11 rue du Chant des Oiseaux ', '', 75009, 'PARIS ', 'France'),
(36, 'ORANGE', '6A Allée Henry Pucell', '', 75010, 'PARIS ', 'France'),
(37, 'FREE', '49 RUE DE L''EGALITE', '', 75011, 'PARIS ', 'France'),
(38, 'SEPUR', '2 ZONE ARTISANALE DE PASQUINA', '', 75012, 'PARIS ', 'France'),
(39, 'BREZILLON', '41 LA CANEBIERE', '', 75013, 'PARIS ', 'France'),
(40, 'DIMOTECK', '3 RUE DU 19 MARS 1962', '', 75014, 'PARIS ', 'France'),
(41, 'TECHNOLOGY & STRATEGY ENGINEERING SAS', '2 Boulevard du général de gaulle', '', 75015, 'PARIS ', 'France'),
(42, 'CIEMENTINI PROMECA', '6A Allée Henry Pucell', '', 75016, 'PARIS ', 'France'),
(43, 'DISTRILIB TECHNOLOGIES', '21-23 RUE DU PETIT ALBI', '', 75017, 'PARIS ', 'France'),
(44, 'CRAF SA', '27 AV CARNOT', '', 75018, 'PARIS ', 'France'),
(45, 'GAGNERAUD CONSTRUCTION', '78 BD SAINT-MARCEL', '', 75019, 'PARIS ', 'France'),
(46, 'DIGIBOX', '12-14 RUE LOUIS BLERIOT', '', 75020, 'PARIS ', 'France'),
(47, 'DUMEZ IDF', 'CHEMIN DES CANAUX', '', 75021, 'PARIS ', 'France'),
(48, 'VEOLIA', '2 PLACE AUX ETOILES', '', 75022, 'PARIS ', 'France'),
(49, 'SNCF', '7 BOULEVARD D''OSNY', '', 75023, 'PARIS ', 'France'),
(50, 'POWER ELECTRICITE', '6 RUE RENE CASSIN', '', 75024, 'PARIS ', 'France'),
(51, 'COFIROUTE', 'B.P 6009 ZONE INDUSTRIELLE', '', 75025, 'PARIS ', 'France'),
(52, 'OB ELECTRONIQUE', '1 MAIL JOLIOT CURIE', '', 75026, 'PARIS ', 'France'),
(53, 'LA LOUISIANE ', '2 RUE PAUL DAUTIER', '', 75001, 'PARIS ', 'France'),
(54, 'ENTRA ', '10 RUE DU GENERAL LECLERC', '', 75002, 'PARIS ', 'France'),
(55, 'SGEA ', '17 RUE DES CAMPANULES', '', 75003, 'PARIS ', 'France'),
(56, 'NOKIWEB ', '18 RUE VERCRUYSSE', '', 75004, 'PARIS ', 'France'),
(57, 'EDF ', '1393 RUE DE L''INDUSTRIE', '', 75005, 'PARIS ', 'France'),
(58, 'DAE ', '3 RUE DU 19 MARS 1962', '', 75006, 'PARIS ', 'France'),
(59, 'OAAS', '54 AV DU GENERAL LECLERC', '', 75007, 'PARIS ', 'France'),
(60, 'VEOLIA', '2 RUE HELENE BOUCHER', '', 75008, 'PARIS ', 'France'),
(61, 'ADIX', '11 rue du Chant des Oiseaux ', '', 75009, 'PARIS ', 'France'),
(62, 'ORANGE', '6A Allée Henry Pucell', '', 75010, 'PARIS ', 'France'),
(63, 'FREE', '49 RUE DE L''EGALITE', '', 75011, 'PARIS ', 'France'),
(64, 'SEPUR', '2 ZONE ARTISANALE DE PASQUINA', '', 75012, 'PARIS ', 'France'),
(65, 'BREZILLON', '41 LA CANEBIERE', '', 75013, 'PARIS ', 'France'),
(66, 'DIMOTECK', '3 RUE DU 19 MARS 1962', '', 75014, 'PARIS ', 'France'),
(67, 'TECHNOLOGY & STRATEGY ENGINEERING SAS', '2 Boulevard du général de gaulle', '', 75015, 'PARIS ', 'France'),
(68, 'CIEMENTINI PROMECA', '6A Allée Henry Pucell', '', 75016, 'PARIS ', 'France'),
(69, 'DISTRILIB TECHNOLOGIES', '21-23 RUE DU PETIT ALBI', '', 75017, 'PARIS ', 'France'),
(70, 'CRAF SA', '27 AV CARNOT', '', 75018, 'PARIS ', 'France'),
(71, 'GAGNERAUD CONSTRUCTION', '78 BD SAINT-MARCEL', '', 75019, 'PARIS ', 'France'),
(72, 'DIGIBOX', '12-14 RUE LOUIS BLERIOT', '', 75020, 'PARIS ', 'France'),
(73, 'DUMEZ IDF', 'CHEMIN DES CANAUX', '', 75021, 'PARIS ', 'France'),
(74, 'VEOLIA', '2 PLACE AUX ETOILES', '', 75022, 'PARIS ', 'France'),
(75, 'SNCF', '7 BOULEVARD D''OSNY', '', 75023, 'PARIS ', 'France'),
(76, 'POWER ELECTRICITE', '6 RUE RENE CASSIN', '', 75024, 'PARIS ', 'France'),
(77, 'COFIROUTE', 'B.P 6009 ZONE INDUSTRIELLE', '', 75025, 'PARIS ', 'France'),
(78, 'OB ELECTRONIQUE', '1 MAIL JOLIOT CURIE', '', 75026, 'PARIS ', 'France'),
(79, 'LA LOUISIANE ', '2 RUE PAUL DAUTIER', '', 75001, 'PARIS ', 'France'),
(80, 'ENTRA ', '10 RUE DU GENERAL LECLERC', '', 75002, 'PARIS ', 'France'),
(81, 'SGEA ', '17 RUE DES CAMPANULES', '', 75003, 'PARIS ', 'France'),
(82, 'NOKIWEB ', '18 RUE VERCRUYSSE', '', 75004, 'PARIS ', 'France'),
(83, 'EDF ', '1393 RUE DE L''INDUSTRIE', '', 75005, 'PARIS ', 'France'),
(84, 'DAE ', '3 RUE DU 19 MARS 1962', '', 75006, 'PARIS ', 'France'),
(85, 'OAAS', '54 AV DU GENERAL LECLERC', '', 75007, 'PARIS ', 'France'),
(86, 'VEOLIA', '2 RUE HELENE BOUCHER', '', 75008, 'PARIS ', 'France'),
(87, 'ADIX', '11 rue du Chant des Oiseaux ', '', 75009, 'PARIS ', 'France'),
(88, 'ORANGE', '6A Allée Henry Pucell', '', 75010, 'PARIS ', 'France'),
(89, 'FREE', '49 RUE DE L''EGALITE', '', 75011, 'PARIS ', 'France'),
(90, 'SEPUR', '2 ZONE ARTISANALE DE PASQUINA', '', 75012, 'PARIS ', 'France'),
(91, 'BREZILLON', '41 LA CANEBIERE', '', 75013, 'PARIS ', 'France'),
(92, 'DIMOTECK', '3 RUE DU 19 MARS 1962', '', 75014, 'PARIS ', 'France'),
(93, 'TECHNOLOGY & STRATEGY ENGINEERING SAS', '2 Boulevard du général de gaulle', '', 75015, 'PARIS ', 'France'),
(94, 'CIEMENTINI PROMECA', '6A Allée Henry Pucell', '', 75016, 'PARIS ', 'France'),
(95, 'DISTRILIB TECHNOLOGIES', '21-23 RUE DU PETIT ALBI', '', 75017, 'PARIS ', 'France'),
(96, 'CRAF SA', '27 AV CARNOT', '', 75018, 'PARIS ', 'France'),
(97, 'GAGNERAUD CONSTRUCTION', '78 BD SAINT-MARCEL', '', 75019, 'PARIS ', 'France'),
(98, 'DIGIBOX', '12-14 RUE LOUIS BLERIOT', '', 75020, 'PARIS ', 'France'),
(99, 'DUMEZ IDF', 'CHEMIN DES CANAUX', '', 75021, 'PARIS ', 'France'),
(100, 'VEOLIA', '2 PLACE AUX ETOILES', '', 75022, 'PARIS ', 'France'),
(101, 'SNCF', '7 BOULEVARD D''OSNY', '', 75023, 'PARIS ', 'France'),
(102, 'POWER ELECTRICITE', '6 RUE RENE CASSIN', '', 75024, 'PARIS ', 'France'),
(103, 'COFIROUTE', 'B.P 6009 ZONE INDUSTRIELLE', '', 75025, 'PARIS ', 'France'),
(104, 'OB ELECTRONIQUE', '1 MAIL JOLIOT CURIE', '', 75026, 'PARIS ', 'France'),
(105, 'LA LOUISIANE ', '2 RUE PAUL DAUTIER', '', 75001, 'PARIS ', 'France'),
(106, 'ENTRA ', '10 RUE DU GENERAL LECLERC', '', 75002, 'PARIS ', 'France'),
(107, 'SGEA ', '17 RUE DES CAMPANULES', '', 75003, 'PARIS ', 'France'),
(108, 'NOKIWEB ', '18 RUE VERCRUYSSE', '', 75004, 'PARIS ', 'France'),
(109, 'EDF ', '1393 RUE DE L''INDUSTRIE', '', 75005, 'PARIS ', 'France'),
(110, 'DAE ', '3 RUE DU 19 MARS 1962', '', 75006, 'PARIS ', 'France'),
(111, 'OAAS', '54 AV DU GENERAL LECLERC', '', 75007, 'PARIS ', 'France'),
(112, 'VEOLIA', '2 RUE HELENE BOUCHER', '', 75008, 'PARIS ', 'France'),
(113, 'ADIX', '11 rue du Chant des Oiseaux ', '', 75009, 'PARIS ', 'France'),
(114, 'ORANGE', '6A Allée Henry Pucell', '', 75010, 'PARIS ', 'France'),
(115, 'FREE', '49 RUE DE L''EGALITE', '', 75011, 'PARIS ', 'France'),
(116, 'SEPUR', '2 ZONE ARTISANALE DE PASQUINA', '', 75012, 'PARIS ', 'France'),
(117, 'BREZILLON', '41 LA CANEBIERE', '', 75013, 'PARIS ', 'France'),
(118, 'DIMOTECK', '3 RUE DU 19 MARS 1962', '', 75014, 'PARIS ', 'France'),
(119, 'TECHNOLOGY & STRATEGY ENGINEERING SAS', '2 Boulevard du général de gaulle', '', 75015, 'PARIS ', 'France'),
(120, 'CIEMENTINI PROMECA', '6A Allée Henry Pucell', '', 75016, 'PARIS ', 'France'),
(121, 'DISTRILIB TECHNOLOGIES', '21-23 RUE DU PETIT ALBI', '', 75017, 'PARIS ', 'France'),
(122, 'CRAF SA', '27 AV CARNOT', '', 75018, 'PARIS ', 'France'),
(123, 'GAGNERAUD CONSTRUCTION', '78 BD SAINT-MARCEL', '', 75019, 'PARIS ', 'France'),
(124, 'DIGIBOX', '12-14 RUE LOUIS BLERIOT', '', 75020, 'PARIS ', 'France'),
(125, 'DUMEZ IDF', 'CHEMIN DES CANAUX', '', 75021, 'PARIS ', 'France'),
(126, 'VEOLIA', '2 PLACE AUX ETOILES', '', 75022, 'PARIS ', 'France'),
(127, 'SNCF', '7 BOULEVARD D''OSNY', '', 75023, 'PARIS ', 'France'),
(128, 'POWER ELECTRICITE', '6 RUE RENE CASSIN', '', 75024, 'PARIS ', 'France'),
(129, 'COFIROUTE', 'B.P 6009 ZONE INDUSTRIELLE', '', 75025, 'PARIS ', 'France'),
(130, 'OB ELECTRONIQUE', '1 MAIL JOLIOT CURIE', '', 75026, 'PARIS ', 'France'),
(131, 'LA LOUISIANE ', '2 RUE PAUL DAUTIER', '', 75001, 'PARIS ', 'France'),
(132, 'ENTRA ', '10 RUE DU GENERAL LECLERC', '', 75002, 'PARIS ', 'France'),
(133, 'SGEA ', '17 RUE DES CAMPANULES', '', 75003, 'PARIS ', 'France'),
(134, 'NOKIWEB ', '18 RUE VERCRUYSSE', '', 75004, 'PARIS ', 'France'),
(135, 'EDF ', '1393 RUE DE L''INDUSTRIE', '', 75005, 'PARIS ', 'France'),
(136, 'DAE ', '3 RUE DU 19 MARS 1962', '', 75006, 'PARIS ', 'France'),
(137, 'OAAS', '54 AV DU GENERAL LECLERC', '', 75007, 'PARIS ', 'France'),
(138, 'VEOLIA', '2 RUE HELENE BOUCHER', '', 75008, 'PARIS ', 'France'),
(139, 'ADIX', '11 rue du Chant des Oiseaux ', '', 75009, 'PARIS ', 'France'),
(140, 'ORANGE', '6A Allée Henry Pucell', '', 75010, 'PARIS ', 'France'),
(141, 'FREE', '49 RUE DE L''EGALITE', '', 75011, 'PARIS ', 'France'),
(142, 'SEPUR', '2 ZONE ARTISANALE DE PASQUINA', '', 75012, 'PARIS ', 'France'),
(143, 'BREZILLON', '41 LA CANEBIERE', '', 75013, 'PARIS ', 'France'),
(144, 'DIMOTECK', '3 RUE DU 19 MARS 1962', '', 75014, 'PARIS ', 'France'),
(145, 'TECHNOLOGY & STRATEGY ENGINEERING SAS', '2 Boulevard du général de gaulle', '', 75015, 'PARIS ', 'France'),
(146, 'CIEMENTINI PROMECA', '6A Allée Henry Pucell', '', 75016, 'PARIS ', 'France'),
(147, 'DISTRILIB TECHNOLOGIES', '21-23 RUE DU PETIT ALBI', '', 75017, 'PARIS ', 'France'),
(148, 'CRAF SA', '27 AV CARNOT', '', 75018, 'PARIS ', 'France'),
(149, 'GAGNERAUD CONSTRUCTION', '78 BD SAINT-MARCEL', '', 75019, 'PARIS ', 'France'),
(150, 'DIGIBOX', '12-14 RUE LOUIS BLERIOT', '', 75020, 'PARIS ', 'France'),
(151, 'DUMEZ IDF', 'CHEMIN DES CANAUX', '', 75021, 'PARIS ', 'France'),
(152, 'VEOLIA', '2 PLACE AUX ETOILES', '', 75022, 'PARIS ', 'France'),
(153, 'SNCF', '7 BOULEVARD D''OSNY', '', 75023, 'PARIS ', 'France'),
(154, 'POWER ELECTRICITE', '6 RUE RENE CASSIN', '', 75024, 'PARIS ', 'France'),
(155, 'COFIROUTE', 'B.P 6009 ZONE INDUSTRIELLE', '', 75025, 'PARIS ', 'France'),
(156, 'OB ELECTRONIQUE', '1 MAIL JOLIOT CURIE', '', 75026, 'PARIS ', 'France'),
(157, 'LA LOUISIANE ', '2 RUE PAUL DAUTIER', '', 75001, 'PARIS ', 'France'),
(158, 'ENTRA ', '10 RUE DU GENERAL LECLERC', '', 75002, 'PARIS ', 'France'),
(159, 'SGEA ', '17 RUE DES CAMPANULES', '', 75003, 'PARIS ', 'France'),
(160, 'NOKIWEB ', '18 RUE VERCRUYSSE', '', 75004, 'PARIS ', 'France'),
(161, 'EDF ', '1393 RUE DE L''INDUSTRIE', '', 75005, 'PARIS ', 'France'),
(162, 'DAE ', '3 RUE DU 19 MARS 1962', '', 75006, 'PARIS ', 'France'),
(163, 'OAAS', '54 AV DU GENERAL LECLERC', '', 75007, 'PARIS ', 'France'),
(164, 'VEOLIA', '2 RUE HELENE BOUCHER', '', 75008, 'PARIS ', 'France'),
(165, 'ADIX', '11 rue du Chant des Oiseaux ', '', 75009, 'PARIS ', 'France'),
(166, 'ORANGE', '6A Allée Henry Pucell', '', 75010, 'PARIS ', 'France'),
(167, 'FREE', '49 RUE DE L''EGALITE', '', 75011, 'PARIS ', 'France'),
(168, 'SEPUR', '2 ZONE ARTISANALE DE PASQUINA', '', 75012, 'PARIS ', 'France'),
(169, 'BREZILLON', '41 LA CANEBIERE', '', 75013, 'PARIS ', 'France'),
(170, 'DIMOTECK', '3 RUE DU 19 MARS 1962', '', 75014, 'PARIS ', 'France'),
(171, 'TECHNOLOGY & STRATEGY ENGINEERING SAS', '2 Boulevard du général de gaulle', '', 75015, 'PARIS ', 'France'),
(172, 'CIEMENTINI PROMECA', '6A Allée Henry Pucell', '', 75016, 'PARIS ', 'France'),
(173, 'DISTRILIB TECHNOLOGIES', '21-23 RUE DU PETIT ALBI', '', 75017, 'PARIS ', 'France'),
(174, 'CRAF SA', '27 AV CARNOT', '', 75018, 'PARIS ', 'France'),
(175, 'GAGNERAUD CONSTRUCTION', '78 BD SAINT-MARCEL', '', 75019, 'PARIS ', 'France'),
(176, 'DIGIBOX', '12-14 RUE LOUIS BLERIOT', '', 75020, 'PARIS ', 'France'),
(177, 'DUMEZ IDF', 'CHEMIN DES CANAUX', '', 75021, 'PARIS ', 'France'),
(178, 'VEOLIA', '2 PLACE AUX ETOILES', '', 75022, 'PARIS ', 'France'),
(179, 'SNCF', '7 BOULEVARD D''OSNY', '', 75023, 'PARIS ', 'France'),
(180, 'POWER ELECTRICITE', '6 RUE RENE CASSIN', '', 75024, 'PARIS ', 'France'),
(181, 'COFIROUTE', 'B.P 6009 ZONE INDUSTRIELLE', '', 75025, 'PARIS ', 'France'),
(182, 'OB ELECTRONIQUE', '1 MAIL JOLIOT CURIE', '', 75026, 'PARIS ', 'France'),
(183, 'LA LOUISIANE ', '2 RUE PAUL DAUTIER', '', 75001, 'PARIS ', 'France'),
(184, 'ENTRA ', '10 RUE DU GENERAL LECLERC', '', 75002, 'PARIS ', 'France'),
(185, 'SGEA ', '17 RUE DES CAMPANULES', '', 75003, 'PARIS ', 'France'),
(186, 'NOKIWEB ', '18 RUE VERCRUYSSE', '', 75004, 'PARIS ', 'France'),
(187, 'EDF ', '1393 RUE DE L''INDUSTRIE', '', 75005, 'PARIS ', 'France'),
(188, 'DAE ', '3 RUE DU 19 MARS 1962', '', 75006, 'PARIS ', 'France'),
(189, 'OAAS', '54 AV DU GENERAL LECLERC', '', 75007, 'PARIS ', 'France'),
(190, 'VEOLIA', '2 RUE HELENE BOUCHER', '', 75008, 'PARIS ', 'France'),
(191, 'ADIX', '11 rue du Chant des Oiseaux ', '', 75009, 'PARIS ', 'France'),
(192, 'ORANGE', '6A Allée Henry Pucell', '', 75010, 'PARIS ', 'France'),
(193, 'FREE', '49 RUE DE L''EGALITE', '', 75011, 'PARIS ', 'France'),
(194, 'SEPUR', '2 ZONE ARTISANALE DE PASQUINA', '', 75012, 'PARIS ', 'France'),
(195, 'BREZILLON', '41 LA CANEBIERE', '', 75013, 'PARIS ', 'France'),
(196, 'DIMOTECK', '3 RUE DU 19 MARS 1962', '', 75014, 'PARIS ', 'France'),
(197, 'TECHNOLOGY & STRATEGY ENGINEERING SAS', '2 Boulevard du général de gaulle', '', 75015, 'PARIS ', 'France'),
(198, 'CIEMENTINI PROMECA', '6A Allée Henry Pucell', '', 75016, 'PARIS ', 'France'),
(199, 'DISTRILIB TECHNOLOGIES', '21-23 RUE DU PETIT ALBI', '', 75017, 'PARIS ', 'France'),
(200, 'CRAF SA', '27 AV CARNOT', '', 75018, 'PARIS ', 'France'),
(201, 'GAGNERAUD CONSTRUCTION', '78 BD SAINT-MARCEL', '', 75019, 'PARIS ', 'France'),
(202, 'DIGIBOX', '12-14 RUE LOUIS BLERIOT', '', 75020, 'PARIS ', 'France'),
(203, 'DUMEZ IDF', 'CHEMIN DES CANAUX', '', 75021, 'PARIS ', 'France'),
(204, 'VEOLIA', '2 PLACE AUX ETOILES', '', 75022, 'PARIS ', 'France'),
(205, 'SNCF', '7 BOULEVARD D''OSNY', '', 75023, 'PARIS ', 'France'),
(206, 'POWER ELECTRICITE', '6 RUE RENE CASSIN', '', 75024, 'PARIS ', 'France'),
(207, 'COFIROUTE', 'B.P 6009 ZONE INDUSTRIELLE', '', 75025, 'PARIS ', 'France'),
(208, 'OB ELECTRONIQUE', '1 MAIL JOLIOT CURIE', '', 75026, 'PARIS ', 'France'),
(209, 'LA LOUISIANE ', '2 RUE PAUL DAUTIER', '', 75001, 'PARIS ', 'France'),
(210, 'ENTRA ', '10 RUE DU GENERAL LECLERC', '', 75002, 'PARIS ', 'France'),
(211, 'SGEA ', '17 RUE DES CAMPANULES', '', 75003, 'PARIS ', 'France'),
(212, 'NOKIWEB ', '18 RUE VERCRUYSSE', '', 75004, 'PARIS ', 'France'),
(213, 'EDF ', '1393 RUE DE L''INDUSTRIE', '', 75005, 'PARIS ', 'France'),
(214, 'DAE ', '3 RUE DU 19 MARS 1962', '', 75006, 'PARIS ', 'France'),
(215, 'OAAS', '54 AV DU GENERAL LECLERC', '', 75007, 'PARIS ', 'France'),
(216, 'VEOLIA', '2 RUE HELENE BOUCHER', '', 75008, 'PARIS ', 'France'),
(217, 'ADIX', '11 rue du Chant des Oiseaux ', '', 75009, 'PARIS ', 'France'),
(218, 'ORANGE', '6A Allée Henry Pucell', '', 75010, 'PARIS ', 'France'),
(219, 'FREE', '49 RUE DE L''EGALITE', '', 75011, 'PARIS ', 'France'),
(220, 'SEPUR', '2 ZONE ARTISANALE DE PASQUINA', '', 75012, 'PARIS ', 'France'),
(221, 'BREZILLON', '41 LA CANEBIERE', '', 75013, 'PARIS ', 'France'),
(222, 'DIMOTECK', '3 RUE DU 19 MARS 1962', '', 75014, 'PARIS ', 'France'),
(223, 'TECHNOLOGY & STRATEGY ENGINEERING SAS', '2 Boulevard du général de gaulle', '', 75015, 'PARIS ', 'France'),
(224, 'CIEMENTINI PROMECA', '6A Allée Henry Pucell', '', 75016, 'PARIS ', 'France'),
(225, 'DISTRILIB TECHNOLOGIES', '21-23 RUE DU PETIT ALBI', '', 75017, 'PARIS ', 'France'),
(226, 'CRAF SA', '27 AV CARNOT', '', 75018, 'PARIS ', 'France'),
(227, 'GAGNERAUD CONSTRUCTION', '78 BD SAINT-MARCEL', '', 75019, 'PARIS ', 'France'),
(228, 'DIGIBOX', '12-14 RUE LOUIS BLERIOT', '', 75020, 'PARIS ', 'France'),
(229, 'DUMEZ IDF', 'CHEMIN DES CANAUX', '', 75021, 'PARIS ', 'France'),
(230, 'VEOLIA', '2 PLACE AUX ETOILES', '', 75022, 'PARIS ', 'France'),
(231, 'SNCF', '7 BOULEVARD D''OSNY', '', 75023, 'PARIS ', 'France'),
(232, 'POWER ELECTRICITE', '6 RUE RENE CASSIN', '', 75024, 'PARIS ', 'France'),
(233, 'COFIROUTE', 'B.P 6009 ZONE INDUSTRIELLE', '', 75025, 'PARIS ', 'France'),
(234, 'OB ELECTRONIQUE', '1 MAIL JOLIOT CURIE', '', 75026, 'PARIS ', 'France');

-- --------------------------------------------------------

--
-- Structure de la table `etudiant`
--

CREATE TABLE IF NOT EXISTS `etudiant` (
  `id_Etudiant` int(100) NOT NULL AUTO_INCREMENT,
  `Civilite` varchar(25) NOT NULL,
  `Nom` varchar(25) NOT NULL,
  `Prenom` varchar(25) NOT NULL,
  `TelEtudiant` int(225) NOT NULL,
  `MailEtudiant` text NOT NULL,
  `MailPerso` text NOT NULL,
  PRIMARY KEY (`id_Etudiant`)
) ENGINE=InnoDB  DEFAULT CHARSET=utf8 AUTO_INCREMENT=27 ;

--
-- Contenu de la table `etudiant`
--

INSERT INTO `etudiant` (`id_Etudiant`, `Civilite`, `Nom`, `Prenom`, `TelEtudiant`, `MailEtudiant`, `MailPerso`) VALUES
(1, 'madame', 'ALLIBERT', 'Annabelle', 102030405, 'a.a@epmistes.net', 'a.a@epmistes.net'),
(2, 'monsieur', 'BOUCHER', 'Robert', 102030405, 'b.b@epmistes.net', 'b.b@epmistes.net'),
(3, 'madame', 'COILLOT', 'Julie', 102030405, 'c.c@epmistes.net', 'c.c@epmistes.net'),
(4, 'monsieur', 'DUCHESNE', 'Tom', 102030405, 'd.d@epmistes.net', 'd.d@epmistes.net'),
(5, 'madame', 'ELIORT', 'Marine', 102030405, 'e.e@epmistes.net', 'e.e@epmistes.net'),
(6, 'madame', 'FOUQUET', 'Louise', 102030405, 'f.f@epmistes.net', 'f.f@epmistes.net'),
(7, 'monsieur', 'GOILOT', 'Julien', 102030405, 'g.g@epmistes.net', 'g.g@epmistes.net'),
(8, 'madame', 'HOUHNA', 'Johanna', 102030405, 'h.h@epmistes.net', 'h.h@epmistes.net'),
(9, 'monsieur', 'ISKONOVA', 'Louis', 102030405, 'i.i@epmistes.net', 'i.i@epmistes.net'),
(10, 'madame', 'JOUBERT', 'Rose', 102030405, 'j.j@epmistes.net', 'j.j@epmistes.net'),
(11, 'madame', 'KASTIN', 'Louane', 102030405, 'k.k@epmistes.net', 'k.k@epmistes.net'),
(12, 'monsieur', 'LIGON', 'Tim', 102030405, 'l.l@epmistes.net', 'l.l@epmistes.net'),
(13, 'madame', 'MAURIE', 'Anne', 102030405, 'm.m@epmistes.net', 'm.m@epmistes.net'),
(14, 'monsieur', 'NOTET', 'Florent', 102030405, 'n.n@epmistes.net', 'n.n@epmistes.net'),
(15, 'monsieur', 'OULOURIKA', 'Corentin', 102030405, 'o.o@epmistes.net', 'o.o@epmistes.net'),
(16, 'madame', 'PASQUET', 'Julia', 102030405, 'p.p@epmistes.net', 'p.p@epmistes.net'),
(17, 'monsieur', 'QUARNEC', 'Antoine', 102030405, 'q.q@epmistes.net', 'q.q@epmistes.net'),
(18, 'madame', 'ROUQUET', 'Sophie', 102030405, 'r.r@epmistes.net', 'r.r@epmistes.net'),
(19, 'monsieur', 'SOULEX', 'Valentin', 102030405, 's.s@epmistes.net', 's.s@epmistes.net'),
(20, 'monsieur', 'THIRET', 'Jean Paul', 102030405, 't.t@epmistes.net', 't.t@epmistes.net'),
(21, 'madame', 'UTUYA', 'Suzannne', 102030405, 'u.u@epmistes.net', 'u.u@epmistes.net'),
(22, 'monsieur', 'VIOLOT', 'Léo', 102030405, 'v.v@epmistes.net', 'v.v@epmistes.net'),
(23, 'monsieur', 'WILSON', 'Lucas', 102030405, 'w.w@epmistes.net', 'w.w@epmistes.net'),
(24, 'monsieur', 'XORIO', 'Ludovic', 102030405, 'x.x@epmistes.net', 'x.x@epmistes.net'),
(25, 'madame', 'YOUDOU', 'Ludivine', 102030405, 'y.y@epmistes.net', 'y.y@epmistes.net'),
(26, 'monsieur', 'ZOUALI', 'Robin', 102030405, 'z.z@epmistes.net', 'z.z@epmistes.net');

-- --------------------------------------------------------

--
-- Structure de la table `stage`
--

CREATE TABLE IF NOT EXISTS `stage` (
  `id_Stage` int(100) NOT NULL AUTO_INCREMENT,
  `DateDebut` date NOT NULL,
  `DateFin` date NOT NULL,
  `Sujet` text NOT NULL,
  `NomMaitre` varchar(55) NOT NULL,
  `TelMaitre` int(255) NOT NULL,
  `MailMaitre` text NOT NULL,
  `RH/Contact` text NOT NULL,
  `Tel` int(11) NOT NULL,
  `Mail` text NOT NULL,
  `Comentaire` text NOT NULL,
  `ReferentPedagogique` text NOT NULL,
  `Stage` decimal(10,0) NOT NULL,
  `Mission` decimal(10,0) NOT NULL,
  `Moyenne` decimal(10,0) NOT NULL,
  `id_Etudiant` int(11) NOT NULL,
  `id_Entreprise` int(11) NOT NULL,
  PRIMARY KEY (`id_Stage`),
  KEY `fk_etudiant` (`id_Etudiant`),
  KEY `fk_entreprise` (`id_Entreprise`)
) ENGINE=InnoDB  DEFAULT CHARSET=utf8 AUTO_INCREMENT=3586 ;

--
-- Contenu de la table `stage`
--

INSERT INTO `stage` (`id_Stage`, `DateDebut`, `DateFin`, `Sujet`, `NomMaitre`, `TelMaitre`, `MailMaitre`, `RH/Contact`, `Tel`, `Mail`, `Comentaire`, `ReferentPedagogique`, `Stage`, `Mission`, `Moyenne`, `id_Etudiant`, `id_Entreprise`) VALUES
(3511, '2018-02-09', '2018-10-26', 'stage ouvrier', 'Maitre 1', 607080910, 'maitrestage@pro.com', 'RH 1', 11, 'rhstage@pro.com', 'Aucun', 'Referent 1', '15', '18', '16', 1, 1),
(3512, '2018-02-09', '2018-10-26', 'Stage ouvrier', 'Maitre 2', 607080910, 'maitrestage@pro.com', 'RH 2', 11, 'rhstage@pro.com', 'Aucun', 'Referent 4', '14', '10', '12', 2, 2),
(3513, '2018-02-09', '2018-10-26', 'Stage ouvrier', 'Maitre 3', 607080910, 'maitrestage@pro.com', 'RH 3', 11, 'rhstage@pro.com', 'Aucun', 'Referent 2', '5', '14', '9', 3, 3),
(3514, '2018-02-09', '2018-10-26', 'Stage ouvrier', 'Maitre 4', 607080910, 'maitrestage@pro.com', 'RH 4', 11, 'rhstage@pro.com', 'Aucun', 'Referent 3', '11', '11', '11', 4, 4),
(3515, '2018-02-09', '2018-10-26', 'Stage ouvrier', 'Maitre 5', 607080910, 'maitrestage@pro.com', 'RH 5', 11, 'rhstage@pro.com', 'Aucun', 'Referent 4', '17', '15', '16', 5, 5),
(3516, '2018-02-09', '2018-10-26', 'Stage ouvrier', 'Maitre 6', 607080910, 'maitrestage@pro.com', 'RH 6', 11, 'rhstage@pro.com', 'Aucun', 'Referent 4', '14', '14', '14', 6, 6),
(3517, '2018-02-09', '2018-10-26', 'Stage ouvrier', 'Maitre 7', 607080910, 'maitrestage@pro.com', 'RH 7', 11, 'rhstage@pro.com', 'Aucun', 'Referent 4', '15', '14', '14', 7, 7),
(3518, '2018-02-09', '2018-10-26', 'Stage ouvrier', 'Maitre 8', 607080910, 'maitrestage@pro.com', 'RH 8', 11, 'rhstage@pro.com', 'Aucun', 'Referent 2', '10', '8', '9', 8, 8),
(3519, '2018-02-09', '2018-10-26', 'Stage ouvrier', 'Maitre 9', 607080910, 'maitrestage@pro.com', 'RH 9', 11, 'rhstage@pro.com', 'Aucun', 'Referent 1', '17', '15', '16', 9, 9),
(3520, '2018-02-09', '2018-10-26', 'Stage ouvrier', 'Maitre 10', 607080910, 'maitrestage@pro.com', 'RH 10', 11, 'rhstage@pro.com', 'Aucun', 'Referent 4', '18', '16', '17', 10, 10),
(3521, '2018-02-09', '2018-10-26', 'Stage ouvrier', 'Maitre 11', 607080910, 'maitrestage@pro.com', 'RH 11', 11, 'rhstage@pro.com', 'Aucun', 'Referent 2', '8', '10', '9', 11, 11),
(3522, '2018-02-09', '2018-10-26', 'Stage ouvrier', 'Maitre 12', 607080910, 'maitrestage@pro.com', 'RH 12', 11, 'rhstage@pro.com', 'Aucun', 'Referent 3', '18', '16', '17', 12, 12),
(3523, '2018-02-09', '2018-10-26', 'stage ouvrier', 'Maitre 13', 607080910, 'maitrestage@pro.com', 'RH 13', 11, 'rhstage@pro.com', 'Aucun', 'Referent 3', '17', '15', '16', 13, 13),
(3524, '2018-02-09', '2018-10-26', 'Stage ouvrier', 'Maitre 14', 607080910, 'maitrestage@pro.com', 'RH 14', 11, 'rhstage@pro.com', 'Aucun', 'Referent 2', '18', '16', '17', 14, 14),
(3525, '2018-02-09', '2018-10-26', 'Stage ouvrier', 'Maitre 15', 607080910, 'maitrestage@pro.com', 'RH 15', 11, 'rhstage@pro.com', 'Aucun', 'Referent 3', '17', '15', '16', 15, 15),
(3526, '2018-02-09', '2018-10-26', 'Stage ouvrier', 'Maitre 16', 607080910, 'maitrestage@pro.com', 'RH 16', 11, 'rhstage@pro.com', 'Aucun', 'Referent 5', '18', '16', '17', 16, 16),
(3527, '2018-02-09', '2018-10-26', 'Stage ouvrier', 'Maitre 17', 607080910, 'maitrestage@pro.com', 'RH 17', 11, 'rhstage@pro.com', 'Aucun', 'Referent 1', '18', '16', '17', 17, 17),
(3528, '2018-02-09', '2018-10-26', 'Stage ouvrier', 'Maitre 18', 607080910, 'maitrestage@pro.com', 'RH 18', 11, 'rhstage@pro.com', 'Aucun', 'Referent 4', '17', '15', '16', 18, 18),
(3529, '2018-02-09', '2018-10-26', 'Stage ouvrier', 'Maitre 19', 607080910, 'maitrestage@pro.com', 'RH 19', 11, 'rhstage@pro.com', 'Aucun', 'Referent 3', '18', '16', '17', 19, 19),
(3530, '2018-02-09', '2018-10-26', 'Stage ouvrier', 'Maitre 20', 607080910, 'maitrestage@pro.com', 'RH 20', 11, 'rhstage@pro.com', 'Aucun', 'Referent 5', '18', '16', '17', 20, 20),
(3531, '2018-02-09', '2018-10-26', 'Stage ouvrier', 'Maitre 21', 607080910, 'maitrestage@pro.com', 'RH 21', 11, 'rhstage@pro.com', 'Aucun', 'Referent 1', '18', '16', '17', 21, 21),
(3532, '2018-02-09', '2018-10-26', 'Stage ouvrier', 'Maitre 22', 607080910, 'maitrestage@pro.com', 'RH 22', 11, 'rhstage@pro.com', 'Aucun', 'Referent 5', '14', '15', '14', 22, 22),
(3533, '2018-02-09', '2018-10-26', 'Stage ouvrier', 'Maitre 23', 607080910, 'maitrestage@pro.com', 'RH 23', 11, 'rhstage@pro.com', 'Aucun', 'Referent 4', '8', '10', '9', 23, 23),
(3534, '2018-02-09', '2018-10-26', 'Stage ouvrier', 'Maitre 12', 607080910, 'maitrestage@pro.com', 'RH 24', 11, 'rhstage@pro.com', 'Aucun', 'Referent 1', '18', '16', '17', 24, 24),
(3535, '2018-02-09', '2018-10-26', 'Stage ouvrier', 'Maitre 12', 607080910, 'maitrestage@pro.com', 'RH 25', 11, 'rhstage@pro.com', 'Aucun', 'Referent 5', '16', '15', '15', 25, 25),
(3536, '2019-02-09', '2019-10-26', 'stage ouvrier', 'Maitre 1', 607080910, 'maitrestage@pro.com', 'RH 1', 11, 'rhstage@pro.com', 'Aucun', 'Referent 1', '15', '18', '16', 1, 1),
(3537, '2019-02-09', '2019-10-26', 'Stage ouvrier', 'Maitre 2', 607080910, 'maitrestage@pro.com', 'RH 2', 11, 'rhstage@pro.com', 'Aucun', 'Referent 4', '14', '10', '12', 2, 2),
(3538, '2019-02-09', '2019-10-26', 'Stage ouvrier', 'Maitre 3', 607080910, 'maitrestage@pro.com', 'RH 3', 11, 'rhstage@pro.com', 'Aucun', 'Referent 2', '5', '14', '9', 3, 3),
(3539, '2019-02-09', '2019-10-26', 'Stage ouvrier', 'Maitre 4', 607080910, 'maitrestage@pro.com', 'RH 4', 11, 'rhstage@pro.com', 'Aucun', 'Referent 3', '11', '11', '11', 4, 4),
(3540, '2019-02-09', '2019-10-26', 'Stage ouvrier', 'Maitre 5', 607080910, 'maitrestage@pro.com', 'RH 5', 11, 'rhstage@pro.com', 'Aucun', 'Referent 4', '17', '15', '16', 5, 5),
(3541, '2019-02-09', '2019-10-26', 'Stage ouvrier', 'Maitre 6', 607080910, 'maitrestage@pro.com', 'RH 6', 11, 'rhstage@pro.com', 'Aucun', 'Referent 4', '14', '14', '14', 6, 6),
(3542, '2019-02-09', '2019-10-26', 'Stage ouvrier', 'Maitre 7', 607080910, 'maitrestage@pro.com', 'RH 7', 11, 'rhstage@pro.com', 'Aucun', 'Referent 4', '15', '14', '14', 7, 7),
(3543, '2019-02-09', '2019-10-26', 'Stage ouvrier', 'Maitre 8', 607080910, 'maitrestage@pro.com', 'RH 8', 11, 'rhstage@pro.com', 'Aucun', 'Referent 2', '10', '8', '9', 8, 8),
(3544, '2019-02-09', '2019-10-26', 'Stage ouvrier', 'Maitre 9', 607080910, 'maitrestage@pro.com', 'RH 9', 11, 'rhstage@pro.com', 'Aucun', 'Referent 1', '17', '15', '16', 9, 9),
(3545, '2019-02-09', '2019-10-26', 'Stage ouvrier', 'Maitre 10', 607080910, 'maitrestage@pro.com', 'RH 10', 11, 'rhstage@pro.com', 'Aucun', 'Referent 4', '18', '16', '17', 10, 10),
(3546, '2019-02-09', '2019-10-26', 'Stage ouvrier', 'Maitre 11', 607080910, 'maitrestage@pro.com', 'RH 11', 11, 'rhstage@pro.com', 'Aucun', 'Referent 2', '8', '10', '9', 11, 11),
(3547, '2019-02-09', '2019-10-26', 'Stage ouvrier', 'Maitre 12', 607080910, 'maitrestage@pro.com', 'RH 12', 11, 'rhstage@pro.com', 'Aucun', 'Referent 3', '18', '16', '17', 12, 12),
(3548, '2019-02-09', '2019-10-26', 'stage ouvrier', 'Maitre 13', 607080910, 'maitrestage@pro.com', 'RH 13', 11, 'rhstage@pro.com', 'Aucun', 'Referent 3', '17', '15', '16', 13, 13),
(3549, '2019-02-09', '2019-10-26', 'Stage ouvrier', 'Maitre 14', 607080910, 'maitrestage@pro.com', 'RH 14', 11, 'rhstage@pro.com', 'Aucun', 'Referent 2', '18', '16', '17', 14, 14),
(3550, '2019-02-09', '2019-10-26', 'Stage ouvrier', 'Maitre 15', 607080910, 'maitrestage@pro.com', 'RH 15', 11, 'rhstage@pro.com', 'Aucun', 'Referent 3', '17', '15', '16', 15, 15),
(3551, '2019-02-09', '2019-10-26', 'Stage ouvrier', 'Maitre 16', 607080910, 'maitrestage@pro.com', 'RH 16', 11, 'rhstage@pro.com', 'Aucun', 'Referent 5', '18', '16', '17', 16, 16),
(3552, '2019-02-09', '2019-10-26', 'Stage ouvrier', 'Maitre 17', 607080910, 'maitrestage@pro.com', 'RH 17', 11, 'rhstage@pro.com', 'Aucun', 'Referent 1', '18', '16', '17', 17, 17),
(3553, '2019-02-09', '2019-10-26', 'Stage ouvrier', 'Maitre 18', 607080910, 'maitrestage@pro.com', 'RH 18', 11, 'rhstage@pro.com', 'Aucun', 'Referent 4', '17', '15', '16', 18, 18),
(3554, '2019-02-09', '2019-10-26', 'Stage ouvrier', 'Maitre 19', 607080910, 'maitrestage@pro.com', 'RH 19', 11, 'rhstage@pro.com', 'Aucun', 'Referent 3', '18', '16', '17', 19, 19),
(3555, '2019-02-09', '2019-10-26', 'Stage ouvrier', 'Maitre 20', 607080910, 'maitrestage@pro.com', 'RH 20', 11, 'rhstage@pro.com', 'Aucun', 'Referent 5', '18', '16', '17', 20, 20),
(3556, '2019-02-09', '2019-10-26', 'Stage ouvrier', 'Maitre 21', 607080910, 'maitrestage@pro.com', 'RH 21', 11, 'rhstage@pro.com', 'Aucun', 'Referent 1', '18', '16', '17', 21, 21),
(3557, '2019-02-09', '2019-10-26', 'Stage ouvrier', 'Maitre 22', 607080910, 'maitrestage@pro.com', 'RH 22', 11, 'rhstage@pro.com', 'Aucun', 'Referent 5', '14', '15', '14', 22, 22),
(3558, '2019-02-09', '2019-10-26', 'Stage ouvrier', 'Maitre 23', 607080910, 'maitrestage@pro.com', 'RH 23', 11, 'rhstage@pro.com', 'Aucun', 'Referent 4', '8', '10', '9', 23, 23),
(3559, '2019-02-09', '2019-10-26', 'Stage ouvrier', 'Maitre 24', 607080910, 'maitrestage@pro.com', 'RH 24', 11, 'rhstage@pro.com', 'Aucun', 'Referent 1', '18', '16', '17', 24, 24),
(3560, '2019-02-09', '2019-10-26', 'Stage ouvrier', 'Maitre 25', 607080910, 'maitrestage@pro.com', 'RH 25', 11, 'rhstage@pro.com', 'Aucun', 'Referent 5', '16', '15', '15', 25, 25),
(3561, '2020-02-09', '2020-10-26', 'stage ouvrier', 'Maitre 1', 607080910, 'maitrestage@pro.com', 'RH 1', 11, 'rhstage@pro.com', 'Aucun', 'Referent 1', '15', '18', '16', 1, 1),
(3562, '2020-02-09', '2020-10-26', 'Stage ouvrier', 'Maitre 2', 607080910, 'maitrestage@pro.com', 'RH 2', 11, 'rhstage@pro.com', 'Aucun', 'Referent 4', '14', '10', '12', 2, 2),
(3563, '2020-02-09', '2020-10-26', 'Stage ouvrier', 'Maitre 3', 607080910, 'maitrestage@pro.com', 'RH 3', 11, 'rhstage@pro.com', 'Aucun', 'Referent 2', '5', '14', '9', 3, 3),
(3564, '2020-02-09', '2020-10-26', 'Stage ouvrier', 'Maitre 4', 607080910, 'maitrestage@pro.com', 'RH 4', 11, 'rhstage@pro.com', 'Aucun', 'Referent 3', '11', '11', '11', 4, 4),
(3565, '2020-02-09', '2020-10-26', 'Stage ouvrier', 'Maitre 5', 607080910, 'maitrestage@pro.com', 'RH 5', 11, 'rhstage@pro.com', 'Aucun', 'Referent 4', '17', '15', '16', 5, 5),
(3566, '2020-02-09', '2020-10-26', 'Stage ouvrier', 'Maitre 6', 607080910, 'maitrestage@pro.com', 'RH 6', 11, 'rhstage@pro.com', 'Aucun', 'Referent 4', '14', '14', '14', 6, 6),
(3567, '2020-02-09', '2020-10-26', 'Stage ouvrier', 'Maitre 7', 607080910, 'maitrestage@pro.com', 'RH 7', 11, 'rhstage@pro.com', 'Aucun', 'Referent 4', '15', '14', '14', 7, 7),
(3568, '2020-02-09', '2020-10-26', 'Stage ouvrier', 'Maitre 8', 607080910, 'maitrestage@pro.com', 'RH 8', 11, 'rhstage@pro.com', 'Aucun', 'Referent 2', '10', '8', '9', 8, 8),
(3569, '2020-02-09', '2020-10-26', 'Stage ouvrier', 'Maitre 9', 607080910, 'maitrestage@pro.com', 'RH 9', 11, 'rhstage@pro.com', 'Aucun', 'Referent 1', '17', '15', '16', 9, 9),
(3570, '2020-02-09', '2020-10-26', 'Stage ouvrier', 'Maitre 10', 607080910, 'maitrestage@pro.com', 'RH 10', 11, 'rhstage@pro.com', 'Aucun', 'Referent 4', '18', '16', '17', 10, 10),
(3571, '2020-02-09', '2020-10-26', 'Stage ouvrier', 'Maitre 11', 607080910, 'maitrestage@pro.com', 'RH 11', 11, 'rhstage@pro.com', 'Aucun', 'Referent 2', '8', '10', '9', 11, 11),
(3572, '2020-02-09', '2020-10-26', 'Stage ouvrier', 'Maitre 12', 607080910, 'maitrestage@pro.com', 'RH 12', 11, 'rhstage@pro.com', 'Aucun', 'Referent 3', '18', '16', '17', 12, 12),
(3573, '2020-02-09', '2020-10-26', 'stage ouvrier', 'Maitre 13', 607080910, 'maitrestage@pro.com', 'RH 13', 11, 'rhstage@pro.com', 'Aucun', 'Referent 3', '17', '15', '16', 13, 13),
(3574, '2020-02-09', '2020-10-26', 'Stage ouvrier', 'Maitre 14', 607080910, 'maitrestage@pro.com', 'RH 14', 11, 'rhstage@pro.com', 'Aucun', 'Referent 2', '18', '16', '17', 14, 14),
(3575, '2020-02-09', '2020-10-26', 'Stage ouvrier', 'Maitre 15', 607080910, 'maitrestage@pro.com', 'RH 15', 11, 'rhstage@pro.com', 'Aucun', 'Referent3', '17', '15', '16', 15, 15),
(3576, '2020-02-09', '2020-10-26', 'Stage ouvrier', 'Maitre 16', 607080910, 'maitrestage@pro.com', 'RH 16', 11, 'rhstage@pro.com', 'Aucun', 'Referent 5', '18', '16', '17', 16, 16),
(3577, '2020-02-09', '2020-10-26', 'Stage ouvrier', 'Maitre 17', 607080910, 'maitrestage@pro.com', 'RH 17', 11, 'rhstage@pro.com', 'Aucun', 'Referent 1', '18', '16', '17', 17, 7),
(3578, '0000-00-00', '2020-10-26', 'Stage ouvrier', 'Maitre 18', 607080910, 'maitrestage@pro.com', 'RH 18', 11, 'rhstage@pro.com', 'Aucun', 'Referent 4', '17', '15', '16', 18, 18),
(3579, '2020-02-09', '2020-10-26', 'Stage ouvrier', 'Maitre 19', 607080910, 'maitrestage@pro.com', 'RH 19', 11, 'rhstage@pro.com', 'Aucun', 'Referent 3', '18', '16', '17', 19, 19),
(3580, '2020-02-09', '2020-10-26', 'Stage ouvrier', 'Maitre 20', 607080910, 'maitrestage@pro.com', 'RH 20', 11, 'rhstage@pro.com', 'Aucun', 'Referent  5', '18', '16', '17', 20, 20),
(3581, '2020-02-09', '2020-10-26', 'Stage ouvrier', 'Maitre 21', 607080910, 'maitrestage@pro.com', 'RH 21', 11, 'rhstage@pro.com', 'Aucun', 'Referent 1', '18', '16', '17', 21, 21),
(3582, '2020-02-09', '2020-10-26', 'Stage ouvrier', 'Maitre 22', 607080910, 'maitrestage@pro.com', 'RH 22', 11, 'rhstage@pro.com', 'Aucun', 'Referent 5', '14', '15', '14', 22, 22),
(3583, '2020-02-09', '2020-10-26', 'Stage ouvrier', 'Maitre 23', 607080910, 'maitrestage@pro.com', 'RH 23', 11, 'rhstage@pro.com', 'Aucun', 'Referent 4', '8', '10', '9', 23, 23),
(3584, '2020-02-09', '2020-10-26', 'Stage ouvrier', 'Maitre 12', 607080910, 'maitrestage@pro.com', 'RH 24', 11, 'rhstage@pro.com', 'Aucun', 'Referent 1', '18', '16', '17', 24, 24),
(3585, '2020-02-09', '0000-00-00', 'Stage ouvrier', 'Maitre 12', 607080910, 'maitrestage@pro.com', 'RH 25', 11, 'rhstage@pro.com', 'Aucun', 'Referent 5', '16', '15', '15', 25, 25);

--
-- Contraintes pour les tables exportées
--

--
-- Contraintes pour la table `stage`
--
ALTER TABLE `stage`
  ADD CONSTRAINT `fk_entreprise` FOREIGN KEY (`id_Entreprise`) REFERENCES `entreprise` (`id_entreprise`),
  ADD CONSTRAINT `fk_etudiant` FOREIGN KEY (`id_Etudiant`) REFERENCES `etudiant` (`id_Etudiant`);

/*!40101 SET CHARACTER_SET_CLIENT=@OLD_CHARACTER_SET_CLIENT */;
/*!40101 SET CHARACTER_SET_RESULTS=@OLD_CHARACTER_SET_RESULTS */;
/*!40101 SET COLLATION_CONNECTION=@OLD_COLLATION_CONNECTION */;
